{"mean_sensor_1": 18.06426, "mean_sensor_2": 12.644982, "mean_sensor_3": 18.137362}