sensor_1,sensor_2,sensor_3
10.87349,7.611443,13.103823
12.78977,8.952839,14.445219
13.78978,9.652846,15.145226
13.98451,9.789157,15.281537
14.21562,9.950934,15.443314
17.73293,12.413051,17.905431
19.09384,13.365688,18.858068
23.57894,16.505258,21.997638
26.83479,18.784353,24.276733
27.74893,19.424251,24.916631