{"sensor_1": [10.87349, 12.78977, 13.78978, 13.98451, 14.21562, 17.73293, 19.09384, 23.57894, 26.83479, 27.74893], "sensor_2": [7.611443, 8.952839, 9.652846, 9.789157, 9.950934, 12.413051, 13.365688, 16.505258, 18.784353, 19.424251], "sensor_3": [13.103823, 14.445219, 15.145226, 15.281537, 15.443314, 17.905431, 18.858068, 21.997638, 24.276733, 24.916631]}